"transaction_id","amount","fraud_probability","created_at"
"TXN_0024","-0.35","0.9997","2026-07-28 13:52:12.886642"
"TXN_0006","0.66","0.9996","2026-07-28 13:52:10.878185"
"TXN_0040","-0.32","0.9996","2026-07-28 13:52:14.634216"
"TXN_0038","1.69","0.9994","2026-07-28 13:52:14.415129"
"TXN_0015","-0.35","0.9993","2026-07-28 13:52:11.898622"
"TXN_0002","-0.35","0.9975","2026-07-28 13:52:10.424672"
"TXN_0017","2.85","0.8896","2026-07-28 13:52:12.118203"
"TXN_0034","6.87","0.8025","2026-07-28 13:52:13.977882"
"TXN_0037","-0.34","0.7319","2026-07-28 13:52:14.306949"
